accession,step,variant_type,snp_index,positions,ref_bases,alt_bases,size,original_delta,step_delta,cumulative_delta,prediction_after_step
10022,1,combo,452,304;292;302,ATT,TAG,3,0.1947216273298562,0.1947216273298562,0.1947216273298562,1.0775408572735876
14312,1,combo,452,304;292;302,ATT,TAG,3,0.19769912868794437,0.19769912868794437,0.19769912868794437,-0.9250127954011631
14313,1,combo,452,304;292;302,ATT,TAG,3,0.20216892827831667,0.20216892827831667,0.20216892827831667,-0.5607524915406639
15591,1,combo,452,304;292;302,ATT,TAG,3,0.19769912868794443,0.19769912868794443,0.19769912868794443,0.029086045584061422
1793,1,combo,452,304;292;302,ATT,TAG,3,0.1976991286879444,0.1976991286879444,0.1976991286879444,0.3723471031300611
1797,1,combo,452,304;292;302,ATT,TAG,3,0.1976991286879444,0.1976991286879444,0.1976991286879444,0.3097203080466473
2016,1,combo,452,304;292;302,ATT,TAG,3,0.20518105148974725,0.20518105148974725,0.20518105148974725,0.3263396236399598
2017,1,combo,452,304;292;302,ATT,TAG,3,0.19769912868794437,0.19769912868794437,0.19769912868794437,0.30464403562874326
2081,1,combo,452,304;292;302,ATT,TAG,3,0.19769912868794448,0.19769912868794448,0.19769912868794448,0.3992175432748268
2091,1,combo,452,304;292;302,ATT,TAG,3,0.19769912868794443,0.19769912868794443,0.19769912868794443,0.4155502579643396
2370,1,combo,452,304;292;302,ATT,TAG,3,0.19769912868794448,0.19769912868794448,0.19769912868794448,0.3349114800275755
2412,1,combo,452,304;292;302,ATT,TAG,3,0.19769912868794448,0.19769912868794448,0.19769912868794448,0.377830543522163
350,1,combo,243,511;510;508,CGT,AAA,3,0.2117124871502051,0.2117124871502051,0.2117124871502051,0.4136602348924099
351,1,combo,452,304;292;302,ATT,TAG,3,0.20187551510501928,0.20187551510501928,0.20187551510501928,0.27471233529479583
410,1,combo,452,304;292;302,ATT,TAG,3,0.2054338103992911,0.2054338103992911,0.2054338103992911,0.21161916651967633
430,1,combo,452,292;213;302,TAT,AGA,3,0.23243941816982805,0.23243941816982805,0.23243941816982805,0.13941905350442044
544,1,combo,452,304;292;302,ATT,TAG,3,0.19769912868794443,0.19769912868794443,0.19769912868794443,0.3063321238838151
546,1,combo,452,304;292;302,ATT,TAG,3,0.1976991286879444,0.1976991286879444,0.1976991286879444,0.293491387363993
5772,1,combo,452,292;213;302,TAT,AGA,3,0.23016207772486322,0.23016207772486322,0.23016207772486322,0.11763982183700081
5776,1,combo,452,304;292;302,ATT,TAG,3,0.19769912868794437,0.19769912868794437,0.19769912868794437,0.07925028578569532
5784,1,combo,452,304;292;302,ATT,TAG,3,0.20090622305959505,0.20090622305959505,0.20090622305959505,0.07942767095609374
6008,1,combo,452,304;292;302,ATT,TAG,3,0.26370811957324025,0.26370811957324025,0.26370811957324025,-0.09229968058848287
6019,1,combo,452,304;292;302,ATT,TAG,3,0.1899463533739086,0.1899463533739086,0.1899463533739086,-0.2362873735325838
6020,1,combo,452,304;292;302,ATT,TAG,3,0.19875251927008275,0.19875251927008275,0.19875251927008275,-0.19654083085674195
6021,1,combo,452,304;292;302,ATT,TAG,3,0.19769912868794426,0.19769912868794426,0.19769912868794426,-0.5852269833953163
6022,1,combo,243,511;510;508,CGT,AAA,3,0.21150713591433679,0.21150713591433679,0.21150713591433679,-0.8295752751779006
6091,1,combo,243,511;510;508,CGT,AAA,3,0.20892798126705553,0.20892798126705553,0.20892798126705553,-0.44850315899954446
6105,1,combo,452,304;292;302,ATT,TAA,3,0.21864316199339656,0.21864316199339656,0.21864316199339656,-0.30865508951689063
6163,1,combo,452,304;292;302,ATT,TAG,3,0.19800673288266002,0.19800673288266002,0.19800673288266002,-1.7267766199070977
6166,1,combo,311,330;323;320,ANN,CCC,3,0.20415861717902017,0.20415861717902017,0.20415861717902017,-1.5114280285332622
6173,1,combo,452,304;292;302,ATT,TAG,3,0.19962418307144314,0.19962418307144314,0.19962418307144314,-1.4740619293131891
6192,1,combo,452,292;213;302,TAT,AGA,3,0.22837097064913492,0.22837097064913492,0.22837097064913492,0.07612652794739119
6193,1,combo,452,292;213;302,TAT,AGA,3,0.23547767740521525,0.23547767740521525,0.23547767740521525,-0.4232084407992855
6214,1,combo,452,304;292;302,ATT,TAG,3,0.19769912868794348,0.19769912868794348,0.19769912868794348,-1.3188260998428951
6244,1,combo,311,330;323;320,AAN,CCC,3,0.19273822297835896,0.19273822297835896,0.19273822297835896,-1.4815550721469166
6904,1,combo,452,304;292;302,ATT,TAG,3,0.19769912868794426,0.19769912868794426,0.19769912868794426,1.0437575818960945
6907,1,combo,452,304;292;302,ATT,TAG,3,0.20503994574058465,0.20503994574058465,0.20503994574058465,0.20192021644231367
6908,1,combo,311,330;323;320,AAA,CCC,3,0.23496604261906048,0.23496604261906048,0.23496604261906048,0.38144799068119994
6909,1,combo,243,511;510;508,TGT,AAA,3,0.20012597722424474,0.20012597722424474,0.20012597722424474,-0.27323351525521866
6923,1,combo,452,304;292;302,ATT,TAG,3,0.19932667279644584,0.19932667279644584,0.19932667279644584,0.5783005923705324
6924,1,combo,452,304;292;302,ATT,TAG,3,0.21424869314107134,0.21424869314107134,0.21424869314107134,0.3662153972054884
6943,1,combo,243,511;510;508,CGT,AAA,3,0.21360420684743325,0.21360420684743325,0.21360420684743325,0.5599500289258299
6944,1,combo,452,304;292;302,ATT,TAG,3,0.19769912868794445,0.19769912868794445,0.19769912868794445,-0.06497823645372516
6961,1,combo,452,292;213;302,TAT,AGA,3,0.2044933715459809,0.2044933715459809,0.2044933715459809,1.5339127944893605
6966,1,combo,452,292;351;302,TTT,AGA,3,0.254587147479305,0.254587147479305,0.254587147479305,0.48373991052979226
6967,1,combo,243,511;510;508,CGT,AAA,3,0.20853356171142146,0.20853356171142146,0.20853356171142146,0.3514998843030119
6970,1,combo,452,292;351;302,TNT,AGA,3,0.2162824231262399,0.2162824231262399,0.2162824231262399,0.9792846579697425
6971,1,combo,452,292;213;302,TAT,AGA,3,0.2005410561429779,0.2005410561429779,0.2005410561429779,1.1536352518296855
7000,1,combo,465,13;279;280,TAA,GTT,3,0.17759240801602444,0.17759240801602444,0.17759240801602444,0.3601296185868738
7013,1,combo,452,304;292;302,ATT,TAG,3,0.19970213550390853,0.19970213550390853,0.19970213550390853,-0.4226018449100158
7071,1,combo,311,328;330;320,CAN,ATC,3,0.17544953715939102,0.17544953715939102,0.17544953715939102,0.32535582823206083
7158,1,combo,452,304;292;302,ATT,TAA,3,0.2277765678664733,0.2277765678664733,0.2277765678664733,0.2522580540469926
7162,1,combo,311,328;330;320,CAN,ATC,3,0.2232073482610517,0.2232073482610517,0.2232073482610517,0.1736795277255587
7248,1,combo,311,330;323;320,AAA,CCC,3,0.18081922299023417,0.18081922299023417,0.18081922299023417,0.10577747890205047
7280,1,combo,452,304;292;302,ATT,TAG,3,0.19259960310316832,0.19259960310316832,0.19259960310316832,-0.13773081511589524
7307,1,combo,311,330;323;320,AAA,CCC,3,0.2010276823894484,0.2010276823894484,0.2010276823894484,0.6802992552602682
7378,1,combo,314,111;109;114,ATA,CCT,3,0.21732911321609416,0.21732911321609416,0.21732911321609416,0.13388269624710153
7424,1,combo,452,304;292;302,ATT,TAG,3,0.21318129790860657,0.21318129790860657,0.21318129790860657,0.5763440776552139
763,1,combo,452,304;292;302,ATT,TAG,3,0.19769912868794326,0.19769912868794326,0.19769912868794326,-1.6620196775362621
8235,1,combo,452,304;292;302,ATT,TAG,3,0.1990083965683468,0.1990083965683468,0.1990083965683468,0.010333688758417205
8240,1,combo,452,292;213;302,TAT,AGA,3,0.23063134705597682,0.23063134705597682,0.23063134705597682,-0.2782918704584653
8264,1,combo,452,304;292;302,ATT,TAG,3,0.19769912868794481,0.19769912868794481,0.19769912868794481,1.385784644051037
8312,1,combo,452,304;292;302,ATT,TAG,3,0.2006982326422942,0.2006982326422942,0.2006982326422942,0.0699098222424259
8343,1,combo,83,269;270;268,GGC,TTA,3,0.20981678028642467,0.20981678028642467,0.20981678028642467,0.01735894015769699
8422,1,combo,465,13;279;280,TAA,GTT,3,0.2037715056147877,0.2037715056147877,0.2037715056147877,-0.1081990637051132
9381,1,combo,452,304;292;302,ATT,TAG,3,0.19769912868794437,0.19769912868794437,0.19769912868794437,-0.8589513428178615
9382,1,combo,465,13;279;280,TAA,GTT,3,0.20407024633680448,0.20407024633680448,0.20407024633680448,-0.915067985369048
9383,1,combo,452,304;292;302,ATT,TAG,3,0.2051467063059601,0.2051467063059601,0.2051467063059601,-0.7110593717120448
9399,1,combo,452,304;292;302,ATT,TAG,3,0.20825530285531552,0.20825530285531552,0.20825530285531552,-0.42921474612087535
9450,1,combo,311,328;330;320,CAN,ATC,3,0.19620966903741766,0.19620966903741766,0.19620966903741766,-0.36624594864167404
9451,1,combo,452,292;213;302,TAT,AGA,3,0.23362093703958067,0.23362093703958067,0.23362093703958067,-0.1935596276061821
9452,1,combo,452,292;351;302,TTT,AGA,3,0.18644286437309793,0.18644286437309793,0.18644286437309793,-0.06646027453952429
9470,1,combo,311,330;323;320,ANN,CCC,3,0.20033560428977626,0.20033560428977626,0.20033560428977626,-0.20424289863477924
9517,1,combo,314,111;113;109,AGT,CCG,3,0.19581171057751112,0.19581171057751112,0.19581171057751112,0.8825763112200465
9528,1,combo,311,330;323;320,AAA,CCC,3,0.20336040569665015,0.20336040569665015,0.20336040569665015,0.754019591464177
9529,1,combo,311,330;323;320,ANA,CCC,3,0.19592222445927898,0.19592222445927898,0.19592222445927898,0.7265342772143702
9539,1,combo,452,292;213;302,TAT,AGA,3,0.23212032461197873,0.23212032461197873,0.23212032461197873,1.46668015278222
9542,1,combo,311,330;323;320,AAN,CCC,3,0.19751422519973882,0.19751422519973882,0.19751422519973882,0.8581591277418404
9612,1,combo,452,304;292;302,ATT,TAG,3,0.20661888804367123,0.20661888804367123,0.20661888804367123,-0.6790832667277067
9629,1,combo,311,330;323;320,AAA,CCC,3,0.2094365418560722,0.2094365418560722,0.2094365418560722,-1.3445279678670439
9633,1,combo,311,330;323;320,AAN,CCC,3,0.18831931536751245,0.18831931536751245,0.18831931536751245,-0.8498337812044259
9638,1,combo,311,330;323;320,AAA,CCC,3,0.20309949446418596,0.20309949446418596,0.20309949446418596,-1.1059898408264461
9639,1,combo,452,289;210;299,TAT,AGA,3,0.1931765043046818,0.1931765043046818,0.1931765043046818,-1.0295417007677425
9719,1,combo,452,304;292;302,ATT,TAG,3,0.1931268757998288,0.1931268757998288,0.1931268757998288,0.8053646214480471
9722,1,combo,452,292;213;302,TAT,AGA,3,0.2284256789892347,0.2284256789892347,0.2284256789892347,0.2832420809422617
9755,1,combo,452,292;213;302,TAT,AGA,3,0.2301620777248633,0.2301620777248633,0.2301620777248633,0.7431059619636169
9764,1,combo,452,292;213;302,TAT,AGA,3,0.2301620777248632,0.2301620777248632,0.2301620777248632,0.8323627201640833
9775,1,combo,452,304;292;302,ATT,TAG,3,0.19670456380376056,0.19670456380376056,0.19670456380376056,0.053420651396350265
9795,1,combo,452,304;292;302,ATT,TAG,3,0.1976991286879444,0.1976991286879444,0.1976991286879444,0.07087431891926613
9806,1,combo,452,304;292;302,ATT,TAG,3,0.19769912868794443,0.19769912868794443,0.19769912868794443,-0.061277352758573496
9810,1,combo,452,304;292;302,ATT,TAG,3,0.199938647727859,0.199938647727859,0.199938647727859,0.4225466125616381
9835,1,combo,452,292;213;302,TAT,AGA,3,0.23016207772486263,0.23016207772486263,0.23016207772486263,1.1499222151345818
9846,1,combo,311,330;323;320,ANA,CCC,3,0.20565996232175943,0.20565996232175943,0.20565996232175943,0.7353744921863656
9847,1,combo,311,330;323;320,AAN,CCC,3,0.23418330892166805,0.23418330892166805,0.23418330892166805,0.7879916283097865
9848,1,combo,311,330;323;320,AAN,CCC,3,0.18998538836464618,0.18998538836464618,0.18998538836464618,0.9982138388863795
9849,1,combo,452,292;213;302,TAT,AGA,3,0.23016207772486308,0.23016207772486308,0.23016207772486308,0.7815227746900075
9855,1,combo,452,304;292;302,ATT,TAG,3,0.19184020691024384,0.19184020691024384,0.19184020691024384,1.37622649948938
9867,1,combo,452,304;292;302,ANT,TAG,3,0.1905856464787402,0.1905856464787402,0.1905856464787402,0.9452124632906458
9870,1,combo,243,513;512;510,CGT,AAA,3,0.21720905227585818,0.21720905227585818,0.21720905227585818,0.7621159247960874
9874,1,combo,452,304;292;302,ATT,TAG,3,0.1976991286879442,0.1976991286879442,0.1976991286879442,0.6020874932344615
9875,1,combo,452,304;292;302,ATT,TAG,3,0.19050877809180977,0.19050877809180977,0.19050877809180977,0.6647957204712203
9877,1,combo,452,304;292;302,ATT,TAG,3,0.19769912868794426,0.19769912868794426,0.19769912868794426,0.4621754829795489
9903,1,combo,452,292;213;302,TAT,AGA,3,0.2301620777248629,0.2301620777248629,0.2301620777248629,0.55950661742111
9914,1,combo,243,507;506;503,NNN,CGG,3,0.23912497030553337,0.23912497030553337,0.23912497030553337,1.4619480403489618
9918,1,combo,452,292;213;302,TAT,AGA,3,0.22893428915418282,0.22893428915418282,0.22893428915418282,0.47402183685331156
9943,1,combo,311,328;330;320,CAN,ATC,3,0.15994300772488268,0.15994300772488268,0.15994300772488268,1.5549740806842445
9946,1,combo,452,304;292;302,NTT,TAA,3,0.18010128403426662,0.18010128403426662,0.18010128403426662,1.3670264435511692
9983,1,combo,303,386;385;16,CTG,AGC,3,0.22048724178659285,0.22048724178659285,0.22048724178659285,0.8771897275667246
9984,1,combo,314,111;114;115,AAT,TGG,3,0.19075384999609835,0.19075384999609835,0.19075384999609835,0.7916423019268264
9997,1,combo,311,321;323;320,CNN,GGC,3,0.20750845207040436,0.20750845207040436,0.20750845207040436,0.5622279179075353
